<?xml version="1.0" encoding="UTF-8" standalone="yes"?>
<addon id="repository.blamo" name="[COLOR red]Blamo Repo[/COLOR]" version="0.0.1" provider-name="Blamo">
	<extension point="xbmc.addon.repository" name="lookingglass">
		<dir>
			<info compressed="false">https://raw.githubusercontent.com/noobsandnerds/modules4all/master/zips/addons.xml</info>
			<checksum>https://raw.githubusercontent.com/noobsandnerds/modules4all/master/zips/addons.xml.md5</checksum>
			<datadir zip="true">https://raw.githubusercontent.com/noobsandnerds/modules4all/master/zips/</datadir>
		</dir>
		<dir>
			<info compressed="false">https://raw.githubusercontent.com/teverz/teverz2/master/zips/addons.xml</info>
			<checksum>https://raw.githubusercontent.com/teverz/teverz2/master/zips/addons.xml.md5</checksum>
			<datadir zip="true">https://raw.githubusercontent.com/teverz/teverz2/master/zips/</datadir>		
		</dir>
	</extension>
	<extension point="xbmc.addon.metadata">
		<summary lang="en"></summary>
		<description lang="en">The Official Repo for Blamo</description>
		<genre>movies,usa</genre>
	</extension>
</addon>
